.Net,fp-prog-dotnet
AIM,fp-aim
ASP.Net,fp-prog-aspnet
About White Internet,fa-info-circle
Acrobat,fp-adb-speedgrade
ActionScript,fp-prog-actionscript
Admin,fa-dashboard
After Effects,fp-adb-aftereffects
Air,fp-prog-air02
Amazon,fp-amazon
Android,fp-android
Angular.js,fp-angularjs
Apple,fp-os-apple
AutoCAD,fp-autocad
BASIC,fp-prog-basic
Backbone.js,fp-prog-backbonejs
Bash,fp-prog-bash01
Bazaar,fp-vc-bazaar
Bitbucket,fp-vc-bitbucket-01
Blogger,fp-blogger
Bookmark,fp-bookmark
C#,fp-prog-csharp
C++,fp-prog-cplusplus
C,fp-prog-c
CSS-3,fa-css3
CakePHP,fp-prog-cakephp
Case Studies,fa-lightbulb-o
Cassandra,fp-dbs-cassandra
Centos,fp-lin-centos
Chrome,fp-brw-chrome
Chuch,DB fp-dbs-couchdb
Cobol,fp-prog-bash02
CodeIgniter,fp-prog-codeign
Codepen,fp-codepen-02
CoffeScript,fp-prog-coffeescr
Computer Skills,fa-laptop
Contact,fa-envelope-o
Coral Draw,fp-corel-draw
Coral Painter,fp-corel-painter
Resume for Iain White,fa-file-text-o
DSMax,fp-_x33_dsmax
Debian,fp-lin-debian
Delicious,fp-delicious
Delphi,fp-prog-delphi02
Digg,fp-digg
Django,fp-prog-django
Documents,fa-file-o
Dreamweaver,fp-adb-dreamweaver
Dribble,fp-dribbble
Dropbox,fp-dropbox
Drupal,fp-prog-drupal
Ecommerce,fa-shopping-cart
Erlang,fp-prog-erlang
Evernote,fp-evernote
Examples of Work,fa-image
Examples of Work By Iain White,fa-image
Facebook,fp-facebook
Fedora,fp-lin-fedora
Feedburner,fp-feedburner
Firefox,fp-brw-firefox
Fireworks,fp-adb-fireworks
Flash,fp-adb-flash
Flickr,fp-flickr
Fortran,fp-prog-fortran
Fossil,fp-vc-fossil
Git,fp-vc-git
GMail,fp-gmail
Games,fp-news_for_gamers
Github,fp-github-01
Golang,fp-prog-golang01
Google Maps,fa-map-marker
Google+,fp-google__x2B_
Google,Drive fp-googledrive-02
Groovy,fp-pl-groovy-01
HTML 5,fa-html5
HTML5,fa-html5
Iain White Web Developer,fa-html5
Hadoop,fp-dbs-hadoop
Haskell,fp-prog-haskell
Hbase,fp-dbs-hbase
ICQ,fp-icq
Iain White,fa-user
Illustrator,fp-adb-illustrator
Indesign,fp-adb-indesign
Information Technology,fa-desktop
Instagram,fp-instagram
Internet Explorer,fp-brw-explorer
Java,fp-prog-java
JavaScript,fp-prog-js01
Iain White JavaScript Guru,fp-prog-js01
Joomla,fp-prog-joomla
Lightroom,fp-adb-lightroom
Linkedin,fp-linkedin
Linux,fp-os-linux_1_
Lisp,fp-prog-lisp
Mail,fp-mail
MariaDB,fa-database
Matlab,fp-prog-matlab
Megento,fp-prog-magento
Mercurial,fp-vc-mercurial
Microsoft SQL Server,fa-database 
Mongo DB,fp-dbs-mongodb
MongoDB,fa-database
MooTools,fp-prog-mootools
MySQL,fp-dbs-mysql
MySpace,fp-myspace
Netlog,fp-netlog
Newsvine,fp-newsvine
Node.js,fp-prog-nodejs02
OS X,fp-os-osx-dark
Opera,fp-brw-opera
PDF,fa-file-pdf-o
PHP,fp-prog-php01
PHP Developer,fp-prog-php01
Iain White PHP Developer,fp-prog-php01
Page Not Found (404),fa-warning
Page Not Found,fa-warning
PayPal,fp-paypal
Perl,fp-prog-perl
Photoshop,fp-adb-photoshop
Picasa,fp-picasa
Pictonic,fp-pictonic-02
Pinterest,fp-pinterest
PostreSQL,fp-dbs-postgresql
Pragmatic Programmer,fa-star
Premiere,fp-adb-premiere
Press and Reviews for Iain White,fa-quote-right
Privacy Policy,fa-file-text-o
Programming Languages,fa-file-code-o
Project Management,fa-puzzle-piece
Iain White Project Manager,fa-puzzle-piece
Iain White Scrum Master,fa-puzzle-piece
Python,fp-prog-python
Qualifications &amp; Training,fa-graduation-cap
Qualifications for Iain White,fa-graduation-cap
RDBMS,fa-database
RSS,fp-rss
Rails,fp-prog-rails
Recommendations for Iain White,fa-comment-o
Reddit,fp-reddit
Redhat,fp-lin-redhat
Redis,fp-dbs-redis
Riak,fp-dbs-riak
Ruby,fp-prog-ruby
SQL Server,fp-dbs-sqlserver
SQL,fa-database
SQLite,fp-dbs-sqlite
SVN,fp-vc-svn
Safari,fp-brw-safari-02
Scala,fp-prog-scala
Search Results,fa-search
Seeking Work,fa-bolt
Share,fp-share
Shopify,fp-shopify
Skills Matrix for Iain White,fa-list-ul
Skydrive,fp-skydrive
Skype,fp-skype
Slashdot,fp-slash_dot
Souncloud,fp-soundcloud
Stumble Upon,fp-stumble_upon
Symfony,fp-prog-symfony
T-SQL,fa-database
Technorati,fp-technorati
Tumblr,fp-tumblr
Twitter,fp-twitter-3
Ubuntu,fp-lin-ubuntu
VB.Net,fp-prog-vbnet
Vimeo,fp-vimeo
Visual Studio,fp-prog-visualstudio
Web Development,fa-globe
Web Site Terms and Conditions of Use,fa-file-o
White Internet Site Map,fa-sitemap
WiFi,fa-wifi
Wikipedia,fp-wikipedia
Windows 8,fp-os-win-04
Windows 95,fp-os-win-02
Windows Vista,fp-os-win-03
Windows XP,fp-os-win-02
Windows,fp-windows
Wordpress,fa-wordpress
Work Information,fa-info-circle
Yahoo,fp-yahoo
Yammer,fp-yammer
Yii,fp-prog-yii
YouTube,fp-youtube
Zend Framework,fp-prog-zendfrm
books,fa-book
companies,fa-building
home,fa-paw
iOS,fp-os-ios-dark
iain-white,fa-user
it,fa-desktop
jQuery,fp-prog-jquery
languages,fa-file-code-o
people,fa-users
project-management,fa-puzzle-piece
web-development,fa-globe