1,Anglian Network Systems,bows.jpg,BOWS - Bristol Online Weddings Services,1,
2,Anglian Network Systems,bows2.jpg,Bristol Online Weddings make-up page,2,
3,Anglian Network Systems,future-brides-spe.gif,Future Brides Single page,3,
4,Anglian Network Systems,bows-admin.gif,BOWS banner admin,4,
5,Anglian Network Systems,modeca.jpg,Modeca bridal ware,5,
6,Anglian Network Systems,houghton-group.jpg,Houghton Group,6,
7,TigerRedi,proton-2000.jpg,Proton 2000,1,
8,TigerRedi,proton-2001.jpg,Proton 2001,2,
9,TigerRedi,kia.jpg,Kia,3,
10,TigerRedi,iwall.jpg,iWall,4,
11,TigerRedi,nike1.gif,Nike,5,
12,TigerRedi,nike2.jpg,Nike,6,
13,TigerRedi,teemo.jpg,Teemo,7,
14,TigerRedi,teemo2.jpg,Teemo,8,
15,TigerRedi,smart-repairs.jpg,Smart Repairs,9,
16,TigerRedi,walkingbus.jpg,Walking Bus,10,
17,TigerRedi,grayling.jpg,Grayling,11,
18,TigerRedi,honda.gif,Honda,12,
19,TigerRedi,stealthboat.jpg,Stealthbost,13,
20,TigerRedi,elert.jpg,TenderElert,14,
21,TigerRedi,gb-supplies.jpg,G and B Supplies,15,
22,TigerRedi,bright-sparks.gif,Bright Sparks,16,
23,TigerRedi,mead.jpg,Mead,17,
24,Freelancing,bipurfect.jpg,Bipurfect,1,
25,Freelancing,vision-matrix.jpg,Vision Matrix,2,
26,Freelancing,brettons.jpg,Brettons menu,3,
27,JPC Infonet,packing-supplier.jpg,The Packing Supplier,1,
28,JPC Infonet,packing-supplier2.jpg,The Packing Supplier products page,2,
29,JPC Infonet,packing-supplier4.jpg,The Packing Supplier shopping basket,3,
30,JPC Infonet,ztc-controls.jpg,ZTC Controls,4,
31,JPC Infonet,usp.jpg,UPS,5,
32,JPC Infonet,usp2.gif,UPS products page,6,
33,JPC Infonet,bath.jpg,"Bath.co.uk Travel portal for the city of Bath, England",7,
34,JPC Infonet,apostrophe-spe.jpg,Apostrophe Bath single page advert,8,
35,JPC Infonet,walcot-woollies-spe.jpg,Walcot Woollies Bath single page advert,9,
36,JPC Infonet,bath-shopping.jpg,Bath Shopping,10,
37,JPC Infonet,tania-bailey.gif,Tania Bailey,11,
38,JPC Infonet,wiltshire-web.jpg,Wiltshire Web Community/Travel portal,12,
39,JPC Infonet,crimson-hotels.jpg,Crimson Hotels,13,
40,JPC Infonet,crimson-hotels4.gif,Crimson Hotels UK gateway page,14,
41,JPC Infonet,quality-hotel.jpg,Crimson Hotels Quality Hotel,15,
42,JPC Infonet,comfort-hotel.gif,Crimson Hotels Confort Inn Hotel,16,
43,JPC Infonet,carvoeiro-sol-hotel.gif,Crimson Hotels Carvoeiro Sol Hotel,17,
44,JPC Infonet,sea-view-hotel.gif,Crimson Hotels Sea View Hotel,18,
45,JPC Infonet,allesley-hotel.gif,Crimson Hotels Allesley Hotel,19,
46,JPC Infonet,trowbridge.gif,Trowbridge Town Council,20,
47,JPC Infonet,yate.jpg,Yate Town Council,21,
48,JPC Infonet,chippenham.gif,Chippenham Town Council,22,
49,JPC Infonet,capitalone-mortgage.gif,CapitaleOne Mortgage,23,
50,JPC Infonet,safety-cameras.gif,Wiltshire &amp; Swindon Safety Camera Partnership,24,
51,JPC Infonet,london-and-country.jpg,London and Country,25,
52,JPC Infonet,l-c-whitelabel.gif,London and Country white label,26,
53,JPC Infonet,file-it.jpg,File It,27,
54,JPC Infonet,file-it2.jpg,File It office furniture,28,
55,JPC Infonet,file-it3.gif,File It catalogue page,29,
56,JPC Infonet,pioneer-friendly.jpg,Pioneer Friendly,30,
57,JPC Infonet,rondstone-surgery.jpg,Roundstone Surgery,31,
58,JPC Infonet,rondstone-surgery-intranet.gif,Roundstone Surgery Intranet,32,
59,JPC Infonet,stone-king.jpg,Stone King,33,
60,JPC Infonet,tillions.jpg,Tillions,34,
61,JPC Infonet,map-group.jpg,Map Group (also known as pop-up maps),35,
62,JPC Infonet,bch-camping.jpg,BCH Camping,36,
63,JPC Infonet,re-sale-spain.gif,Re-sale Spain,37,
64,JPC Infonet,re-sale-spain2.gif,Re-sale Spain,38,
65,JPC Infonet,re-sale-spain3.gif,Re-sale Spain,39,
66,JPC Infonet,qhh.jpg,Quartley Hodges Hood,40,
67,JPC Infonet,beechfield-house.jpg,Beechfield House,41,
68,JPC Infonet,robin-lloyd.jpg,Robin Lloyd,42,
69,JPC Infonet,wessex-acc.jpg,Wessex Association of Chambers of Commerce,43,
70,JPC Infonet,western-event-hire.gif,Western Event Hire,44,
71,JPC Infonet,western-event-hire2.gif,Western Event Hire,45,
72,JPC Infonet,western-event-hire3.gif,Western Event Hire,46,
73,JPC Infonet,western-event-hire4.gif,Western Event Hire,47,
74,JPC Infonet,western-event-hire5.gif,Western Event Hire,48,
75,JPC Infonet,wiltshire-csp.jpg,Wiltshire Community Safety Partnerships,49,
76,JPC Infonet,wiltshire-csp2.gif,Wiltshire Community Safety Partnerships admin page,50,
77,JPC Infonet,hardback2.gif,Hardback Books,51,
78,JPC Infonet,contentworx.gif,"ContentWorx, a CMS system",52,
79,JPC Infonet,image-library.jpg,Image Library,53,
80,The AOT Group,sunlover-holidays.gif,Sunlover Holidays,1,
81,The AOT Group,nsw-holidays.gif,NSW Holidays,2,
82,The AOT Group,needitnow.gif,Need It Now Last minute accommodation,3,
83,The AOT Group,travelpoint.gif,Travelpoint,4,
84,The AOT Group,great-aussie-holidays.gif,Great Aussie Hoildays,5,
85,The AOT Group,travelmate.gif,Travelmate,6,
86,The AOT Group,best-rates.gif,Best Rates,7,
87,The AOT Group,pillowpoints.gif,pillowPOINTS,8,
88,The AOT Group,need-to-escape.gif,Need To Escape,9,
89,The AOT Group,go-stay.gif,Go Stay,10,
90,Big Bridge,battery-world.jpg,Battery World,1,
91,Big Bridge,poolwerx.jpg,Poolwerx,2,
92,Big Bridge,veterans-rugby-qld.gif,Veterans Rugby QLD,3,  
93,Big Bridge,jktech.jpg,JKTech,4,
94,Big Bridge,rps-group.jpg,The RPS Group,5,
95,Big Bridge,iconcierge.gif,iConcierge,6,
96,Big Bridge,keller.gif,Keller,7,
97,Big Bridge,office-of-the-information-commissioner.gif,Office of the Information Commissioner,8,
98,Big Bridge,panaust.jpg,PanAust,9,
99,Big Bridge,devine-woodvale.gif,Devine Woodvale,10,
100,Big Bridge,electrical-trades-union.gif,Electrical Trades Union,11,
101,Big Bridge,recycling-battery-world.gif,Recycling Battery World,12,
102,Emu Design,signet.jpg,Signet,1,
103,Emu Design,signet2.jpg,Signet,2,
104,Emu Design,angel-flight.jpg,Angel Flight,3,
105,Emu Design,angel-flight-pilot-admin.jpg,Angel Flight Pilot Admin,4,
106,Emu Design,customs-house-weddings.jpg,Customs House Weddings,5,
107,Emu Design,smart-send.jpg,Smart Send,6,
108,Emu Design,gbst.jpg,GBST,7,
109,Emu Design,circadian.jpg,Circadian,8,
110,Emu Design,club-training-australia.jpg,Club Training Australia,9,
120,Emu Design,dws.jpg,DWS,10,
121,Emu Design,emu.jpg,Emu Design,11,
122,Emu Design,fieldmarking.jpg,Signet Field Marking,12,
123,Emu Design,meggles.jpg,Meggles,13,
